{
    "receptor": {
        "gb": {
            "VDWAALS": {
                "mean": -10.5,
                "std": 0.7071067811865476,
                "err": 0.5
            },
            "EEL": {
                "mean": -205.0,
                "std": 7.0710678118654755,
                "err": 5.0
            },
            "EGB": {
                "mean": -52.5,
                "std": 3.5355339059327378,
                "err": 2.5
            },
            "ESURF": {
                "mean": 7.25,
                "std": 0.3535533905932738,
                "err": 0.25
            },
            "G gas": {
                "mean": -107.75,
                "std": 97.31488837788389,
                "err": 68.81201748241364
            },
            "G solv": {
                "mean": -22.625,
                "std": 29.927777648866613,
                "err": 21.16213452135677
            },
            "total": {
                "mean": -65.1875,
                "std": 83.63310405425594,
                "err": 59.13753500844451
            }
        },
        "pb": {
            "VDWAALS": {
                "mean": -10.5,
                "std": 0.7071067811865476,
                "err": 0.5
            },
            "EEL": {
                "mean": -205.0,
                "std": 7.0710678118654755,
                "err": 5.0
            },
            "EPB": {
                "mean": -52.5,
                "std": 3.5355339059327378,
                "err": 2.5
            },
            "ECAVITY": {
                "mean": 7.25,
                "std": 0.3535533905932738,
                "err": 0.25
            },
            "G gas": {
                "mean": -107.75,
                "std": 97.31488837788389,
                "err": 68.81201748241364
            },
            "G solv": {
                "mean": -22.625,
                "std": 29.927777648866613,
                "err": 21.16213452135677
            },
            "total": {
                "mean": -65.1875,
                "std": 83.63310405425594,
                "err": 59.13753500844451
            }
        }
    },
    "ligand": {
        "gb": {
            "VDWAALS": {
                "mean": -10.25,
                "std": 0.3535533905932738,
                "err": 0.25
            },
            "EEL": {
                "mean": -202.5,
                "std": 3.5355339059327378,
                "err": 2.5
            },
            "EGB": {
                "mean": -51.0,
                "std": 1.4142135623730951,
                "err": 1.0
            },
            "ESURF": {
                "mean": 7.1,
                "std": 0.14142135623730964,
                "err": 0.10000000000000009
            },
            "G gas": {
                "mean": -106.375,
                "std": 96.14141602348074,
                "err": 67.98224722308022
            },
            "G solv": {
                "mean": -21.95,
                "std": 29.058690610555736,
                "err": 20.547597183125816
            },
            "total": {
                "mean": -64.1625,
                "std": 82.61770296825009,
                "err": 58.41953801490559
            }
        },
        "pb": {
            "VDWAALS": {
                "mean": -10.25,
                "std": 0.3535533905932738,
                "err": 0.25
            },
            "EEL": {
                "mean": -202.5,
                "std": 3.5355339059327378,
                "err": 2.5
            },
            "EPB": {
                "mean": -51.0,
                "std": 1.4142135623730951,
                "err": 1.0
            },
            "ECAVITY": {
                "mean": 7.1,
                "std": 0.14142135623730964,
                "err": 0.10000000000000009
            },
            "G gas": {
                "mean": -106.375,
                "std": 96.14141602348074,
                "err": 67.98224722308022
            },
            "G solv": {
                "mean": -21.95,
                "std": 29.058690610555736,
                "err": 20.547597183125816
            },
            "total": {
                "mean": -64.1625,
                "std": 82.61770296825009,
                "err": 58.41953801490559
            }
        }
    },
    "complex": {
        "gb": {
            "VDWAALS": {
                "mean": -10.75,
                "std": 0.3535533905932738,
                "err": 0.25
            },
            "EEL": {
                "mean": -207.5,
                "std": 3.5355339059327378,
                "err": 2.5
            },
            "EGB": {
                "mean": -53.5,
                "std": 2.1213203435596424,
                "err": 1.4999999999999998
            },
            "ESURF": {
                "mean": 7.35,
                "std": 0.21213203435596414,
                "err": 0.1499999999999999
            },
            "G gas": {
                "mean": -109.125,
                "std": 98.39104062362588,
                "err": 69.57297203296693
            },
            "G solv": {
                "mean": -23.075,
                "std": 30.443667239674,
                "err": 21.526923549360227
            },
            "total": {
                "mean": -66.1,
                "std": 84.58698185891255,
                "err": 59.81202847254054
            }
        },
        "pb": {
            "VDWAALS": {
                "mean": -10.75,
                "std": 0.3535533905932738,
                "err": 0.25
            },
            "EEL": {
                "mean": -207.5,
                "std": 3.5355339059327378,
                "err": 2.5
            },
            "EPB": {
                "mean": -53.5,
                "std": 2.1213203435596424,
                "err": 1.4999999999999998
            },
            "ECAVITY": {
                "mean": 7.35,
                "std": 0.21213203435596414,
                "err": 0.1499999999999999
            },
            "G gas": {
                "mean": -109.125,
                "std": 98.39104062362588,
                "err": 69.57297203296693
            },
            "G solv": {
                "mean": -23.075,
                "std": 30.443667239674,
                "err": 21.526923549360227
            },
            "total": {
                "mean": -66.1,
                "std": 84.58698185891255,
                "err": 59.81202847254054
            }
        }
    }
}